sol,L2,RMSE
u1,0.2396762703820939,0.1356386250083997
v1,0.36848584006337637,0.1802683510416826
q1,0.032259485660575966,0.025559353166011163
u2,0.486256246854236,0.10867306229265604
v2,0.3724251779850625,0.0977334435533631
q2,0.04984826457133268,0.012691702152032499
u3,0.6462524413146917,0.05539742775523188
v3,0.5738220499140482,0.048071560385324105
q3,0.07105070966960407,0.0020509173184120265
